target,classification,action,owner,owner_range,session_hits,sources,proof
0x82171D84,return_continuation,retain_owner_no_promotion,0x82171C68,0x82171C68..0x82171EE0,36,0x82171F54:bclr,phase5a-reference-001-ownership/ownership-ledger.json
0x8217200C,return_continuation,retain_owner_no_promotion,0x82171F60,0x82171F60..0x82172054,2,0x82171F54:bclr,phase5a-reference-001-ownership/ownership-ledger.json
0x8217F3BC,return_continuation,retain_owner_no_promotion,0x8217F390,0x8217F390..0x8217F3E4,2,0x821F3D88:bclr,phase5a-reference-001-ownership/ownership-ledger.json
0x821A1448,return_continuation,retain_owner_no_promotion,0x821A1380,0x821A1380..0x821A1474,27,0x82226408:bclr,phase5a-reference-001-ownership/ownership-ledger.json
0x821AD704,return_continuation,retain_owner_no_promotion,0x821AD468,0x821AD468..0x821ADD4C,26,0x821C2A58:bclr,phase5a-reference-001-ownership/ownership-ledger.json
0x8223A5CC,return_continuation,retain_owner_no_promotion,0x8223A210,0x8223A210..0x8223B12C,21727,0x821EB160:bclr,phase5a-reference-001-ownership/ownership-ledger.json
0x822904BC,return_continuation,retain_owner_no_promotion,0x82290478,0x82290478..0x822904E4,469,0x822D2D80:bclr,phase5a-reference-001-ownership/ownership-ledger.json
0x822C15E0,return_continuation,retain_owner_no_promotion,0x822C10A8,0x822C10A8..0x822C17C0,4,0x823D28BC:bclr,phase5a-reference-001-ownership/ownership-ledger.json
0x822C17B0,return_continuation,retain_owner_no_promotion,0x822C10A8,0x822C10A8..0x822C17C0,4,0x823D28BC:bclr,phase5a-reference-001-ownership/ownership-ledger.json
0x822D10D0,return_continuation,retain_owner_no_promotion,0x822D0F00,0x822D0F00..0x822D1244,91,0x82658BC4:bclr,phase5a-reference-001-ownership/ownership-ledger.json
0x822D10D8,return_continuation,retain_owner_no_promotion,0x822D0F00,0x822D0F00..0x822D1244,32,0x82658928:bclr,phase5a-reference-001-ownership/ownership-ledger.json
0x822D1114,return_continuation,retain_owner_no_promotion,0x822D0F00,0x822D0F00..0x822D1244,1323,0x82658470:bclr,phase5a-reference-001-ownership/ownership-ledger.json
0x822D11C0,return_continuation,retain_owner_no_promotion,0x822D0F00,0x822D0F00..0x822D1244,67,0x82658E94:bclr,phase5a-reference-001-ownership/ownership-ledger.json
0x822D28C0,return_continuation,retain_owner_no_promotion,0x822D2760,0x822D2760..0x822D28F8,1,0x8260A9D8:bclr,phase5a-reference-001-ownership/ownership-ledger.json
0x822E69C4,return_continuation,retain_owner_no_promotion,0x822E32A0,0x822E32A0..0x822EA1B8,3903,0x822D3654:bclr,phase5a-reference-001-ownership/ownership-ledger.json
0x8236FE8C,return_continuation,retain_owner_no_promotion,0x8236FE38,0x8236FE38..0x8236FEC4,1,0x821E1134:bclr,phase5a-reference-001-ownership/ownership-ledger.json
0x824CAD3C,return_continuation,retain_owner_no_promotion,0x824CAA08,0x824CAA08..0x824CBA78,1,0x821C2A58:bclr,phase5a-reference-001-ownership/ownership-ledger.json
0x8253EC5C,return_continuation,retain_owner_no_promotion,0x8253EB40,0x8253EB40..0x8253ED78,4,0x82541AB4:bclr,phase5a-reference-001-ownership/ownership-ledger.json
0x8253EC80,return_continuation,retain_owner_no_promotion,0x8253EB40,0x8253EB40..0x8253ED78,4,0x82541AB4:bclr,phase5a-reference-001-ownership/ownership-ledger.json
0x8253EF30,return_continuation,retain_owner_no_promotion,0x8253EEE0,0x8253EEE0..0x8253F010,4,0x82541AB4:bclr,phase5a-reference-001-ownership/ownership-ledger.json
0x8253EF58,return_continuation,retain_owner_no_promotion,0x8253EEE0,0x8253EEE0..0x8253F010,4,0x82541AB4:bclr,phase5a-reference-001-ownership/ownership-ledger.json
0x82548400,return_continuation,retain_owner_no_promotion,0x825483B8,0x825483B8..0x8254848C,2,0x821F3D88:bclr,phase5a-reference-001-ownership/ownership-ledger.json
0x82563488,return_continuation,retain_owner_no_promotion,0x825633B0,0x825633B0..0x82563AD0,34,0x82A01170:bclr,phase5a-reference-001-ownership/ownership-ledger.json
0x82587400,return_continuation,retain_owner_no_promotion,0x82587278,0x82587278..0x825874D8,1,0x821C2A58:bclr,phase5a-reference-001-ownership/ownership-ledger.json
0x825F66FC,return_continuation,retain_owner_no_promotion,0x825F66D8,0x825F66D8..0x825F672C,840,0x825F665C:bclr,phase5a-reference-001-ownership/ownership-ledger.json
0x825FF054,return_continuation,retain_owner_no_promotion,0x825FEFC8,0x825FEFC8..0x825FF1FC,1,0x825FDC84:bclr,phase5a-reference-001-ownership/ownership-ledger.json
0x825FFD7C,return_continuation,retain_owner_no_promotion,0x825FFAD8,0x825FFAD8..0x82600758,24,0x821C2A58:bclr,phase5a-reference-001-ownership/ownership-ledger.json
0x8260CF14,return_continuation,retain_owner_no_promotion,0x8260CDC0,0x8260CDC0..0x8260CF38,21,0x8260AFF8:bclr,phase5a-reference-001-ownership/ownership-ledger.json
0x8262A3B0,return_continuation,retain_owner_no_promotion,0x82629E90,0x82629E90..0x8262A4F8,1,0x82625084:bclr,phase5a-reference-001-ownership/ownership-ledger.json
0x82659770,return_continuation,retain_owner_no_promotion,0x82659550,0x82659550..0x8265A004,21,0x825F65FC:bclr,phase5a-reference-001-ownership/ownership-ledger.json
0x826597D0,return_continuation,retain_owner_no_promotion,0x82659550,0x82659550..0x8265A004,51,0x825F665C:bclr,phase5a-reference-001-ownership/ownership-ledger.json
0x82659904,return_continuation,retain_owner_no_promotion,0x82659550,0x82659550..0x8265A004,238,0x825F65FC:bclr,phase5a-reference-001-ownership/ownership-ledger.json
0x82659948,return_continuation,retain_owner_no_promotion,0x82659550,0x82659550..0x8265A004,236,0x825F665C:bclr,phase5a-reference-001-ownership/ownership-ledger.json
0x82659CA0,return_continuation,retain_owner_no_promotion,0x82659550,0x82659550..0x8265A004,1680,0x825F65FC:bclr,phase5a-reference-001-ownership/ownership-ledger.json
0x82659E4C,return_continuation,retain_owner_no_promotion,0x82659550,0x82659550..0x8265A004,3,0x8219ECCC:bclr,phase5a-reference-001-ownership/ownership-ledger.json
0x8265A7F4,return_continuation,retain_owner_no_promotion,0x8265A638,0x8265A638..0x8265AA28,99,0x82CA9A34:bclr,phase5a-reference-001-ownership/ownership-ledger.json
0x826A9D4C,return_continuation,retain_owner_no_promotion,0x826A9A60,0x826A9A60..0x826A9E54,3,0x821C2A58:bclr,phase5a-reference-001-ownership/ownership-ledger.json
0x826A9DC4,return_continuation,retain_owner_no_promotion,0x826A9A60,0x826A9A60..0x826A9E54,3,0x826AD53C:bclr,phase5a-reference-001-ownership/ownership-ledger.json
0x826A9E18,return_continuation,retain_owner_no_promotion,0x826A9A60,0x826A9A60..0x826A9E54,3,0x821E1134:bclr,phase5a-reference-001-ownership/ownership-ledger.json
0x826AA180,return_continuation,retain_owner_no_promotion,0x826AA060,0x826AA060..0x826AA22C,50,0x826AB1E8:bclr,phase5a-reference-001-ownership/ownership-ledger.json
0x826AB37C,return_continuation,retain_owner_no_promotion,0x826AB1F8,0x826AB1F8..0x826AB858,3,0x821E6824:bclr,phase5a-reference-001-ownership/ownership-ledger.json
0x826ABCEC,return_continuation,retain_owner_no_promotion,0x826ABCD0,0x826ABCD0..0x826AC5F0,3,0x826AB1E8:bclr,phase5a-reference-001-ownership/ownership-ledger.json
0x826C67FC,return_continuation,retain_owner_no_promotion,0x826C6698,0x826C6698..0x826C683C,588,0x826C93DC:bclr,phase5a-reference-001-ownership/ownership-ledger.json
0x827C6B14,return_continuation,retain_owner_no_promotion,0x827C6AF0,0x827C6AF0..0x827C71AC,1,0x827C6A4C:bclr,phase5a-reference-001-ownership/ownership-ledger.json
0x827CD21C,return_continuation,retain_owner_no_promotion,0x827CD180,0x827CD180..0x827CD230,1,0x827C6A4C:bclr,phase5a-reference-001-ownership/ownership-ledger.json
0x8281DAD8,return_continuation,retain_owner_no_promotion,0x8281D968,0x8281D968..0x8281DB5C,25,0x8251133C:bclr,phase5a-reference-001-ownership/ownership-ledger.json
0x828C5E5C,return_continuation,retain_owner_no_promotion,0x828C5A18,0x828C5A18..0x828C5EA8,10,0x82D80400:bclr,phase5a-reference-001-ownership/ownership-ledger.json
0x8292884C,return_continuation,retain_owner_no_promotion,0x829287A8,0x829287A8..0x829289C4,1,0x821B7AF4:bclr,phase5a-reference-001-ownership/ownership-ledger.json
0x82936E18,return_continuation,retain_owner_no_promotion,0x82936D68,0x82936D68..0x82936E68,15,0x821B7AF4:bclr,phase5a-reference-001-ownership/ownership-ledger.json
0x82956B68,return_continuation,retain_owner_no_promotion,0x82956B30,0x82956B30..0x82956BF8,75,0x8220096C:bclr,phase5a-reference-001-ownership/ownership-ledger.json
0x8298AFE4,return_continuation,retain_owner_no_promotion,0x8298A870,0x8298A870..0x8298B610,1,0x825F665C:bclr,phase5a-reference-001-ownership/ownership-ledger.json
0x8298B814,return_continuation,retain_owner_no_promotion,0x8298B718,0x8298B718..0x8298B854,3,0x825F665C:bclr,phase5a-reference-001-ownership/ownership-ledger.json
0x82990CBC,return_continuation,retain_owner_no_promotion,0x82990B30,0x82990B30..0x82990D78,10,0x82173EA0:bclr,phase5a-reference-001-ownership/ownership-ledger.json
0x829A011C,return_continuation,retain_owner_no_promotion,0x8299FC98,0x8299FC98..0x829A0990,15,0x822D3654:bclr,phase5a-reference-001-ownership/ownership-ledger.json
0x829A0784,return_continuation,retain_owner_no_promotion,0x8299FC98,0x8299FC98..0x829A0990,1,0x822D3654:bclr,phase5a-reference-001-ownership/ownership-ledger.json
0x829A34A4,return_continuation,retain_owner_no_promotion,0x829A3260,0x829A3260..0x829A3A2C,20,0x8252179C:bclr,phase5a-reference-001-ownership/ownership-ledger.json
0x829D759C,return_continuation,retain_owner_no_promotion,0x829D6EE8,0x829D6EE8..0x829D75EC,15,0x822D3654:bclr,phase5a-reference-001-ownership/ownership-ledger.json
0x82A08008,return_continuation,retain_owner_no_promotion,0x82A07FF0,0x82A07FF0..0x82A08174,99,0x83228B5C:bclr,phase5a-reference-001-ownership/ownership-ledger.json
0x82B8C0D0,return_continuation,retain_owner_no_promotion,0x82B8BA38,0x82B8BA38..0x82B8C158,1,0x82CA9A34:bclr,phase5a-reference-001-ownership/ownership-ledger.json
0x82C1905C,return_continuation,retain_owner_no_promotion,0x82C18F90,0x82C18F90..0x82C190D4,1,0x82C12538:bclr,phase5a-reference-001-ownership/ownership-ledger.json
0x82CB2C38,return_continuation,retain_owner_no_promotion,0x82CB2A90,0x82CB2A90..0x82CB2C54,4,0x82CB0BA0:bclr,phase5a-reference-001-ownership/ownership-ledger.json
0x82D8AE20,return_continuation,retain_owner_no_promotion,0x82D8ADF0,0x82D8ADF0..0x82D8AE48,15,0x82D80400:bclr,phase5a-reference-001-ownership/ownership-ledger.json
0x82D93AEC,return_continuation,retain_owner_no_promotion,0x82D93A18,0x82D93A18..0x82D93AF4,15,0x82D93924:bclr,phase5a-reference-001-ownership/ownership-ledger.json
0x82D93BCC,return_continuation,retain_owner_no_promotion,0x82D93AF8,0x82D93AF8..0x82D93BD4,15,0x82D93924:bclr,phase5a-reference-001-ownership/ownership-ledger.json
0x82E11210,return_continuation,retain_owner_no_promotion,0x82E11100,0x82E11100..0x82E11250,9657,0x82E08EB0:bclr,phase5a-reference-001-ownership/ownership-ledger.json
0x82E13138,return_continuation,retain_owner_no_promotion,0x82E12908,0x82E12908..0x82E137A4,302,0x82DCAFFC:bclr,phase5a-reference-001-ownership/ownership-ledger.json
0x8300E1F0,return_continuation,retain_owner_no_promotion,0x8300E198,0x8300E198..0x8300E230,2095104,0x82CA9A34:bclr,phase5a-reference-001-ownership/ownership-ledger.json
0x832BDFB0,return_continuation,retain_owner_no_promotion,0x832BDEA0,0x832BDEA0..0x832BE060,2,0x82CA9A34:bclr,phase5a-reference-001-ownership/ownership-ledger.json
0x8226F8E0,switch_case_block,retain_owner_no_promotion,0x8226EA50,0x8226EA50..0x82270A84,7,0x8226EE00:bctr,phase5a-reference-001-ownership/ownership-ledger.json
0x8226FE64,switch_case_block,retain_owner_no_promotion,0x8226EA50,0x8226EA50..0x82270A84,6,0x8226EE00:bctr,phase5a-reference-001-ownership/ownership-ledger.json
0x822D757C,switch_case_block,retain_owner_no_promotion,0x822D7530,0x822D7530..0x822D75A4,12220,0x822D7550:bctr,phase5a-reference-001-ownership/ownership-ledger.json
0x823D2690,switch_case_block,retain_owner_no_promotion,0x823D2658,0x823D2658..0x823D2748,1,0x823D267C:bctr,phase5a-reference-001-ownership/ownership-ledger.json
0x823DBD34,switch_case_block,retain_owner_no_promotion,0x823DBC70,0x823DBC70..0x823DC100,1,0x823DBCE8:bctr,phase5a-reference-001-ownership/ownership-ledger.json
0x823DBFC4,switch_case_block,retain_owner_no_promotion,0x823DBC70,0x823DBC70..0x823DC100,3,0x823DBD58:bctr,phase5a-reference-001-ownership/ownership-ledger.json
0x823DC098,switch_case_block,retain_owner_no_promotion,0x823DBC70,0x823DBC70..0x823DC100,1,0x823DBD58:bctr,phase5a-reference-001-ownership/ownership-ledger.json
0x823DC0F4,switch_default_case,retain_owner_no_promotion,0x823DBC70,0x823DBC70..0x823DC100,1,0x823DBD58:bctr,phase5a-reference-001-ownership/ownership-ledger.json
0x823E65F8,switch_case_block,retain_owner_no_promotion,0x823E6528,0x823E6528..0x823E6698,26,0x823E65E4:bctr,phase5a-reference-001-ownership/ownership-ledger.json
0x823E6608,switch_case_block,retain_owner_no_promotion,0x823E6528,0x823E6528..0x823E6698,26,0x823E65E4:bctr,phase5a-reference-001-ownership/ownership-ledger.json
0x823F0C20,switch_case_block,retain_owner_no_promotion,0x823F07C0,0x823F07C0..0x823F1A04,301,0x823F0BA4:bctr,phase5a-reference-001-ownership/ownership-ledger.json
0x824157D0,switch_default_case,retain_owner_no_promotion,0x82415470,0x82415470..0x82415AE8,1,0x82415668:bctr,phase5a-reference-001-ownership/ownership-ledger.json
0x8244F010,switch_case_block,retain_owner_no_promotion,0x8244EB60,0x8244EB60..0x82450538,2,0x8244EB94:bctr,phase5a-reference-001-ownership/ownership-ledger.json
0x8244F118,switch_case_block,retain_owner_no_promotion,0x8244EB60,0x8244EB60..0x82450538,4,0x8244EB94:bctr,phase5a-reference-001-ownership/ownership-ledger.json
0x8244F298,switch_case_block,retain_owner_no_promotion,0x8244EB60,0x8244EB60..0x82450538,2,0x8244EB94:bctr,phase5a-reference-001-ownership/ownership-ledger.json
0x8244F2B0,switch_case_block,retain_owner_no_promotion,0x8244EB60,0x8244EB60..0x82450538,2,0x8244EB94:bctr,phase5a-reference-001-ownership/ownership-ledger.json
0x8244F478,switch_case_block,retain_owner_no_promotion,0x8244EB60,0x8244EB60..0x82450538,2,0x8244EB94:bctr,phase5a-reference-001-ownership/ownership-ledger.json
0x8244F670,switch_case_block,retain_owner_no_promotion,0x8244EB60,0x8244EB60..0x82450538,2,0x8244EB94:bctr,phase5a-reference-001-ownership/ownership-ledger.json
0x8244F6D0,switch_case_block,retain_owner_no_promotion,0x8244EB60,0x8244EB60..0x82450538,2,0x8244EB94:bctr,phase5a-reference-001-ownership/ownership-ledger.json
0x8244F730,switch_case_block,retain_owner_no_promotion,0x8244EB60,0x8244EB60..0x82450538,6,0x8244EB94:bctr,phase5a-reference-001-ownership/ownership-ledger.json
0x8244F7A8,switch_case_block,retain_owner_no_promotion,0x8244EB60,0x8244EB60..0x82450538,6,0x8244EB94:bctr,phase5a-reference-001-ownership/ownership-ledger.json
0x8244F8B0,switch_case_block,retain_owner_no_promotion,0x8244EB60,0x8244EB60..0x82450538,2,0x8244EB94:bctr,phase5a-reference-001-ownership/ownership-ledger.json
0x8244FA48,switch_case_block,retain_owner_no_promotion,0x8244EB60,0x8244EB60..0x82450538,1,0x8244EB94:bctr,phase5a-reference-001-ownership/ownership-ledger.json
0x8244FC58,switch_case_block,retain_owner_no_promotion,0x8244EB60,0x8244EB60..0x82450538,1,0x8244EB94:bctr,phase5a-reference-001-ownership/ownership-ledger.json
0x8244FC70,switch_case_block,retain_owner_no_promotion,0x8244EB60,0x8244EB60..0x82450538,1,0x8244EB94:bctr,phase5a-reference-001-ownership/ownership-ledger.json
0x8244FDD8,switch_case_block,retain_owner_no_promotion,0x8244EB60,0x8244EB60..0x82450538,2,0x8244EB94:bctr,phase5a-reference-001-ownership/ownership-ledger.json
0x8244FF58,switch_case_block,retain_owner_no_promotion,0x8244EB60,0x8244EB60..0x82450538,2,0x8244EB94:bctr,phase5a-reference-001-ownership/ownership-ledger.json
0x8244FF88,switch_case_block,retain_owner_no_promotion,0x8244EB60,0x8244EB60..0x82450538,2,0x8244EB94:bctr,phase5a-reference-001-ownership/ownership-ledger.json
0x824D8D2C,switch_case_block,retain_owner_no_promotion,0x824D8BD0,0x824D8BD0..0x824D8E8C,34,0x824D8CF0:bctr,phase5a-reference-001-ownership/ownership-ledger.json
0x824D8D44,switch_case_block,retain_owner_no_promotion,0x824D8BD0,0x824D8BD0..0x824D8E8C,1,0x824D8CF0:bctr,phase5a-reference-001-ownership/ownership-ledger.json
0x824DFA30,switch_case_block,retain_owner_no_promotion,0x824DF8B8,0x824DF8B8..0x824DFB28,1,0x824DF8CC:bctr,phase5a-reference-001-ownership/ownership-ledger.json
0x824DFA58,switch_case_block,retain_owner_no_promotion,0x824DF8B8,0x824DF8B8..0x824DFB28,1,0x824DF8CC:bctr,phase5a-reference-001-ownership/ownership-ledger.json
0x824E002C,switch_case_block,retain_owner_no_promotion,0x824DFDC8,0x824DFDC8..0x824E02AC,1,0x824DFDDC:bctr,phase5a-reference-001-ownership/ownership-ledger.json
0x824E00F4,switch_case_block,retain_owner_no_promotion,0x824DFDC8,0x824DFDC8..0x824E02AC,3,0x824DFDDC:bctr,phase5a-reference-001-ownership/ownership-ledger.json
0x824E01CC,switch_case_block,retain_owner_no_promotion,0x824DFDC8,0x824DFDC8..0x824E02AC,3,0x824DFDDC:bctr,phase5a-reference-001-ownership/ownership-ledger.json
0x824E01D4,switch_case_block,retain_owner_no_promotion,0x824DFDC8,0x824DFDC8..0x824E02AC,1,0x824DFDDC:bctr,phase5a-reference-001-ownership/ownership-ledger.json
0x824E01DC,switch_case_block,retain_owner_no_promotion,0x824DFDC8,0x824DFDC8..0x824E02AC,1,0x824DFDDC:bctr,phase5a-reference-001-ownership/ownership-ledger.json
0x824E01EC,switch_case_block,retain_owner_no_promotion,0x824DFDC8,0x824DFDC8..0x824E02AC,1,0x824DFDDC:bctr,phase5a-reference-001-ownership/ownership-ledger.json
0x824E027C,switch_case_block,retain_owner_no_promotion,0x824DFDC8,0x824DFDC8..0x824E02AC,34,0x824DFDDC:bctr,phase5a-reference-001-ownership/ownership-ledger.json
0x824E0284,switch_case_block,retain_owner_no_promotion,0x824DFDC8,0x824DFDC8..0x824E02AC,1,0x824DFDDC:bctr,phase5a-reference-001-ownership/ownership-ledger.json
0x824E049C,switch_case_block,retain_owner_no_promotion,0x824E02B0,0x824E02B0..0x824E068C,8,0x824E02C4:bctr,phase5a-reference-001-ownership/ownership-ledger.json
0x824E0514,switch_case_block,retain_owner_no_promotion,0x824E02B0,0x824E02B0..0x824E068C,8,0x824E02C4:bctr,phase5a-reference-001-ownership/ownership-ledger.json
0x824F20A8,switch_case_block,retain_owner_no_promotion,0x824F1F68,0x824F1F68..0x824F21D0,30,0x824F208C:bctr,phase5a-reference-001-ownership/ownership-ledger.json
0x8253E8C0,switch_case_block,retain_owner_no_promotion,0x8253E840,0x8253E840..0x8253E98C,4,0x8253E888:bctr,phase5a-reference-001-ownership/ownership-ledger.json
0x8253E924,switch_case_block,retain_owner_no_promotion,0x8253E840,0x8253E840..0x8253E98C,4,0x8253E888:bctr,phase5a-reference-001-ownership/ownership-ledger.json
0x8253E944,switch_case_block,retain_owner_no_promotion,0x8253E840,0x8253E840..0x8253E98C,4,0x8253E888:bctr,phase5a-reference-001-ownership/ownership-ledger.json
0x8253EA30,switch_case_block,retain_owner_no_promotion,0x8253E990,0x8253E990..0x8253EB40,63,0x8253E9D4:bctr,phase5a-reference-001-ownership/ownership-ledger.json
0x8253EA98,switch_case_block,retain_owner_no_promotion,0x8253E990,0x8253E990..0x8253EB40,4,0x8253E9D4:bctr,phase5a-reference-001-ownership/ownership-ledger.json
0x8253EADC,switch_default_case,retain_owner_no_promotion,0x8253E990,0x8253E990..0x8253EB40,32,0x8253E9D4:bctr,phase5a-reference-001-ownership/ownership-ledger.json
0x82541C00,shared_switch_case_body,retain_owner_no_promotion,0x82541BA0,0x82541BA0..0x82541C28,7,0x82541BD8:bctr,phase5a-reference-001-ownership/ownership-ledger.json
0x82663520,switch_case_block,retain_owner_no_promotion,0x82663498,0x82663498..0x82663680,2,0x826634E4:bctr,phase5a-reference-001-ownership/ownership-ledger.json
0x82663618,switch_case_block,retain_owner_no_promotion,0x82663498,0x82663498..0x82663680,1,0x826634E4:bctr,phase5a-reference-001-ownership/ownership-ledger.json
0x826A9480,switch_case_block,retain_owner_no_promotion,0x826A92D8,0x826A92D8..0x826A96B8,1,0x826A930C:bctr,phase5a-reference-001-ownership/ownership-ledger.json
0x826A9660,switch_case_block,retain_owner_no_promotion,0x826A92D8,0x826A92D8..0x826A96B8,2,0x826A930C:bctr,phase5a-reference-001-ownership/ownership-ledger.json
0x826A968C,switch_case_block,retain_owner_no_promotion,0x826A92D8,0x826A92D8..0x826A96B8,2,0x826A930C:bctr,phase5a-reference-001-ownership/ownership-ledger.json
0x826C2B04,shared_switch_case_body,retain_owner_no_promotion,0x826C2958,0x826C2958..0x826C2B54,11,0x826C29C8:bctr,phase5a-reference-001-ownership/ownership-ledger.json
0x826C5DD8,switch_case_block,retain_owner_no_promotion,0x826C5B00,0x826C5B00..0x826C5E6C,1,0x826C5DB8:bctr,phase5a-reference-001-ownership/ownership-ledger.json
0x826C5DF0,switch_case_block,retain_owner_no_promotion,0x826C5B00,0x826C5B00..0x826C5E6C,1,0x826C5DB8:bctr,phase5a-reference-001-ownership/ownership-ledger.json
0x826C5F70,switch_case_block,retain_owner_no_promotion,0x826C5E70,0x826C5E70..0x826C610C,6,0x826C5F38:bctr,phase5a-reference-001-ownership/ownership-ledger.json
0x826C5F78,switch_default_case,retain_owner_no_promotion,0x826C5E70,0x826C5E70..0x826C610C,6,0x826C5F38:bctr,phase5a-reference-001-ownership/ownership-ledger.json
0x826C6540,shared_switch_case_body,retain_owner_no_promotion,0x826C63C8,0x826C63C8..0x826C657C,104,0x826C6400:bctr,phase5a-reference-001-ownership/ownership-ledger.json
0x826C67E4,switch_case_block,retain_owner_no_promotion,0x826C6698,0x826C6698..0x826C683C,588,0x826C6764:bctr,phase5a-reference-001-ownership/ownership-ledger.json
0x826CED14,switch_case_block,retain_owner_no_promotion,0x826CEB60,0x826CEB60..0x826CEEF0,1,0x826CEBE4:bctr,phase5a-reference-001-ownership/ownership-ledger.json
0x826CED30,switch_case_block,retain_owner_no_promotion,0x826CEB60,0x826CEB60..0x826CEEF0,1,0x826CEBE4:bctr,phase5a-reference-001-ownership/ownership-ledger.json
0x826CED68,switch_case_block,retain_owner_no_promotion,0x826CEB60,0x826CEB60..0x826CEEF0,2,0x826CEBE4:bctr,phase5a-reference-001-ownership/ownership-ledger.json
0x826CEDD8,switch_case_block,retain_owner_no_promotion,0x826CEB60,0x826CEB60..0x826CEEF0,5,0x826CEBE4:bctr,phase5a-reference-001-ownership/ownership-ledger.json
0x826E6F08,switch_case_block,retain_owner_no_promotion,0x826E6B98,0x826E6B98..0x826E6F78,1,0x826E6E04:bctr,phase5a-reference-001-ownership/ownership-ledger.json
0x8270D8DC,switch_default_case,retain_owner_no_promotion,0x8270D0A0,0x8270D0A0..0x8270DEB0,1,0x8270D8A8:bctr,phase5a-reference-001-ownership/ownership-ledger.json
0x8279ECB0,switch_case_block,retain_owner_no_promotion,0x8279EC50,0x8279EC50..0x8279ECC0,1,0x8279EC6C:bctr,phase5a-reference-001-ownership/ownership-ledger.json
0x827C6954,switch_case_block,retain_owner_no_promotion,0x827C6858,0x827C6858..0x827C69C8,2,0x827C6888:bctr,phase5a-reference-001-ownership/ownership-ledger.json
0x827CE388,switch_case_block,retain_owner_no_promotion,0x827CDEC0,0x827CDEC0..0x827CE5B8,1,0x827CDEF8:bctr,phase5a-reference-001-ownership/ownership-ledger.json
0x82805E60,switch_case_block,retain_owner_no_promotion,0x82805360,0x82805360..0x828068B0,2,0x82805D78:bctr,phase5a-reference-001-ownership/ownership-ledger.json
0x82805F8C,switch_case_block,retain_owner_no_promotion,0x82805360,0x82805360..0x828068B0,2,0x82805D78:bctr,phase5a-reference-001-ownership/ownership-ledger.json
0x828060E4,shared_switch_case_body,retain_owner_no_promotion,0x82805360,0x82805360..0x828068B0,1,0x82805D78:bctr,phase5a-reference-001-ownership/ownership-ledger.json
0x828061E8,shared_switch_case_body,retain_owner_no_promotion,0x82805360,0x82805360..0x828068B0,1,0x82805D78:bctr,phase5a-reference-001-ownership/ownership-ledger.json
0x82820798,switch_case_block,retain_owner_no_promotion,0x82820640,0x82820640..0x82820A70,32,0x828206A4:bctr,phase5a-reference-001-ownership/ownership-ledger.json
0x8282081C,shared_switch_case_body,retain_owner_no_promotion,0x82820640,0x82820640..0x82820A70,6,0x828206A4:bctr,phase5a-reference-001-ownership/ownership-ledger.json
0x82820948,switch_case_block,retain_owner_no_promotion,0x82820640,0x82820640..0x82820A70,2,0x828206A4:bctr,phase5a-reference-001-ownership/ownership-ledger.json
0x82821378,switch_case_block,retain_owner_no_promotion,0x82820F58,0x82820F58..0x82821598,2,0x82820FA4:bctr,phase5a-reference-001-ownership/ownership-ledger.json
0x828B5E70,switch_case_block,retain_owner_no_promotion,0x828B5E28,0x828B5E28..0x828B5EB8,52,0x828B5E44:bctr,phase5a-reference-001-ownership/ownership-ledger.json
0x8298AF90,shared_switch_case_body,retain_owner_no_promotion,0x8298A870,0x8298A870..0x8298B610,3,0x8298AF7C:bctr,phase5a-reference-001-ownership/ownership-ledger.json
0x8298B368,shared_switch_case_body,retain_owner_no_promotion,0x8298A870,0x8298A870..0x8298B610,1,0x8298B354:bctr,phase5a-reference-001-ownership/ownership-ledger.json
0x829D9ECC,switch_default_case,retain_owner_no_promotion,0x829D9DC0,0x829D9DC0..0x829D9F08,1,0x829D9DFC:bctr,phase5a-reference-001-ownership/ownership-ledger.json
0x82B59EA0,switch_case_block,retain_owner_no_promotion,0x82B59220,0x82B59220..0x82B5A908,1,0x82B593F4:bctr,phase5a-reference-001-ownership/ownership-ledger.json
0x8322AD00,switch_case_block,retain_owner_no_promotion,0x8322A9B0,0x8322A9B0..0x8322B090,4,0x8322A9EC:bctr,phase5a-reference-001-ownership/ownership-ledger.json
0x832303E8,switch_case_block,retain_owner_no_promotion,0x83230330,0x83230330..0x8323046C,18,0x83230364:bctr,phase5a-reference-001-ownership/ownership-ledger.json
0x83230E00,switch_case_block,retain_owner_no_promotion,0x83230D50,0x83230D50..0x83230EFC,99,0x83230DD4:bctr,phase5a-reference-001-ownership/ownership-ledger.json
0x8217C320,existing_effective_registration,retain_registration,0x8217C320,,5648,0x82262930:bctrl,merged/fable2-indirect-targets.import-plan.json
0x821C7D30,existing_effective_registration,retain_registration,0x821C7D30,,10122,0x824EDD00:bctrl,merged/fable2-indirect-targets.import-plan.json
0x821EE348,existing_effective_registration,retain_registration,0x821EE348,,818,0x823FA7A8:bctrl,merged/fable2-indirect-targets.import-plan.json
0x82261110,existing_effective_registration,retain_registration,0x82261110,,44440,0x821F4A80:bctrl,merged/fable2-indirect-targets.import-plan.json
0x822B7F40,existing_effective_registration,retain_registration,0x822B7F40,,8,0x829D4A18:bctrl,merged/fable2-indirect-targets.import-plan.json
0x822C6948,existing_effective_registration,retain_registration,0x822C6948,,3,0x82283B8C:bctrl,merged/fable2-indirect-targets.import-plan.json
0x822D2D90,existing_effective_registration,retain_registration,0x822D2D90,,66,0x8255A494:bctrl,merged/fable2-indirect-targets.import-plan.json
0x823058C8,existing_effective_registration,retain_registration,0x823058C8,,1,0x82227D50:bctrl,merged/fable2-indirect-targets.import-plan.json
0x82326E28,existing_effective_registration,retain_registration,0x82326E28,,18,0x8238B590:bctrl;0x8238CC68:bctrl;0x8238CE3C:bctrl;0x8238CEB8:bctrl;0x8238D138:bctrl;0x8238D20C:bctrl;0x8238DAFC:bctrl;0x8238E3A8:bctrl;0x8238E94C:bctrl,merged/fable2-indirect-targets.import-plan.json
0x823B1138,existing_effective_registration,retain_registration,0x823B1138,,1,0x823C3E74:bctrl,merged/fable2-indirect-targets.import-plan.json
0x823B99F8,existing_effective_registration,retain_registration,0x823B99F8,,1,0x822C9E64:bctrl,merged/fable2-indirect-targets.import-plan.json
0x823E66F0,existing_effective_registration,retain_registration,0x823E66F0,,6,0x823FAAE0:bctrl,merged/fable2-indirect-targets.import-plan.json
0x823E6830,existing_effective_registration,retain_registration,0x823E6830,,8,0x82172B10:bctrl,merged/fable2-indirect-targets.import-plan.json
0x823FA970,existing_effective_registration,retain_registration,0x823FA970,,6,0x823FBB18:bctrl,merged/fable2-indirect-targets.import-plan.json
0x823FBA98,existing_effective_registration,retain_registration,0x823FBA98,,6,0x822289F0:bctrl,merged/fable2-indirect-targets.import-plan.json
0x82415178,existing_effective_registration,retain_registration,0x82415178,,1,0x8241B374:bctrl,merged/fable2-indirect-targets.import-plan.json
0x8241B208,existing_effective_registration,retain_registration,0x8241B208,,1,0x8281DCF0:bctrl,merged/fable2-indirect-targets.import-plan.json
0x8241D678,existing_effective_registration,retain_registration,0x8241D678,,16,0x8241FA40:bctrl,merged/fable2-indirect-targets.import-plan.json
0x8241E250,existing_effective_registration,retain_registration,0x8241E250,,11,0x8241FC3C:bctrl,merged/fable2-indirect-targets.import-plan.json
0x8243D080,existing_effective_registration,retain_registration,0x8243D080,,2,0x8295AB24:bctrl,merged/fable2-indirect-targets.import-plan.json
0x82450870,existing_effective_registration,retain_registration,0x82450870,,7,0x82451118:bctrl,merged/fable2-indirect-targets.import-plan.json
0x82450AC8,existing_effective_registration,retain_registration,0x82450AC8,,1,0x8251B730:bctrl,merged/fable2-indirect-targets.import-plan.json
0x824551C0,existing_effective_registration,retain_registration,0x824551C0,,15,0x829D7240:bctrl,merged/fable2-indirect-targets.import-plan.json
0x824551E0,existing_effective_registration,retain_registration,0x824551E0,,15,0x82956A00:bctrl,merged/fable2-indirect-targets.import-plan.json
0x8247EE80,existing_effective_registration,retain_registration,0x8247EE80,,20,0x8248122C:bctrl,merged/fable2-indirect-targets.import-plan.json
0x824884F0,existing_effective_registration,retain_registration,0x824884F0,,196,0x8248122C:bctrl,merged/fable2-indirect-targets.import-plan.json
0x82488738,existing_effective_registration,retain_registration,0x82488738,,196,0x8248122C:bctrl,merged/fable2-indirect-targets.import-plan.json
0x82488890,existing_effective_registration,retain_registration,0x82488890,,195,0x8248122C:bctrl,merged/fable2-indirect-targets.import-plan.json
0x82499268,existing_effective_registration,retain_registration,0x82499268,,1,0x824A2718:bctrl,merged/fable2-indirect-targets.import-plan.json
0x8249B5F0,existing_effective_registration,retain_registration,0x8249B5F0,,2,0x824A35A4:bctrl,merged/fable2-indirect-targets.import-plan.json
0x824CC450,existing_effective_registration,retain_registration,0x824CC450,,1,0x824D18DC:bctrl,merged/fable2-indirect-targets.import-plan.json
0x824CD730,existing_effective_registration,retain_registration,0x824CD730,,75,0x8221411C:bctrl,merged/fable2-indirect-targets.import-plan.json
0x824D2048,existing_effective_registration,retain_registration,0x824D2048,,1,0x822289F0:bctrl,merged/fable2-indirect-targets.import-plan.json
0x824D7868,existing_effective_registration,retain_registration,0x824D7868,,1,0x824ED038:bctrl,merged/fable2-indirect-targets.import-plan.json
0x824D8A10,existing_effective_registration,retain_registration,0x824D8A10,,4,0x824ED518:bctrl,merged/fable2-indirect-targets.import-plan.json
0x824DBAD8,existing_effective_registration,retain_registration,0x824DBAD8,,1,0x824ED038:bctrl,merged/fable2-indirect-targets.import-plan.json
0x824E6380,existing_effective_registration,retain_registration,0x824E6380,,5,0x824ED038:bctrl,merged/fable2-indirect-targets.import-plan.json
0x824ED3B8,existing_effective_registration,retain_registration,0x824ED3B8,,4,0x82893A30:bctrl,merged/fable2-indirect-targets.import-plan.json
0x824FA8F8,existing_effective_registration,retain_registration,0x824FA8F8,,3,0x825025DC:bctrl,merged/fable2-indirect-targets.import-plan.json
0x824FA958,existing_effective_registration,retain_registration,0x824FA958,,2,0x825025DC:bctrl,merged/fable2-indirect-targets.import-plan.json
0x824FA9B8,existing_effective_registration,retain_registration,0x824FA9B8,,3,0x8250292C:bctrl,merged/fable2-indirect-targets.import-plan.json
0x824FADA0,existing_effective_registration,retain_registration,0x824FADA0,,2,0x8250292C:bctrl,merged/fable2-indirect-targets.import-plan.json
0x824FDF90,existing_effective_registration,retain_registration,0x824FDF90,,5,0x82502778:bctrl,merged/fable2-indirect-targets.import-plan.json
0x82502608,existing_effective_registration,retain_registration,0x82502608,,5,0x825039E0:bctrl,merged/fable2-indirect-targets.import-plan.json
0x825027D0,existing_effective_registration,retain_registration,0x825027D0,,5,0x82893A30:bctrl,merged/fable2-indirect-targets.import-plan.json
0x82503460,existing_effective_registration,retain_registration,0x82503460,,5,0x822289F0:bctrl,merged/fable2-indirect-targets.import-plan.json
0x82518228,existing_effective_registration,retain_registration,0x82518228,,4,0x8251B6C0:bctrl,merged/fable2-indirect-targets.import-plan.json
0x825185B0,existing_effective_registration,retain_registration,0x825185B0,,7,0x825154AC:bctrl,merged/fable2-indirect-targets.import-plan.json
0x8251B630,existing_effective_registration,retain_registration,0x8251B630,,4,0x822289F0:bctrl,merged/fable2-indirect-targets.import-plan.json
0x8251BF68,existing_effective_registration,retain_registration,0x8251BF68,,1,0x82528F1C:bctrl,merged/fable2-indirect-targets.import-plan.json
0x8251CAF0,existing_effective_registration,retain_registration,0x8251CAF0,,2677,0x82528F1C:bctrl,merged/fable2-indirect-targets.import-plan.json
0x8251DD88,existing_effective_registration,retain_registration,0x8251DD88,,1,0x82528430:bctrl,merged/fable2-indirect-targets.import-plan.json
0x8251E788,existing_effective_registration,retain_registration,0x8251E788,,1,0x82529224:bctrl,merged/fable2-indirect-targets.import-plan.json
0x8251E7F8,existing_effective_registration,retain_registration,0x8251E7F8,,1,0x82528AC4:bctrl,merged/fable2-indirect-targets.import-plan.json
0x82551E50,existing_effective_registration,retain_registration,0x82551E50,,1,0x8255A334:bctrl,merged/fable2-indirect-targets.import-plan.json
0x82551EB8,existing_effective_registration,retain_registration,0x82551EB8,,1,0x8255A1BC:bctrl,merged/fable2-indirect-targets.import-plan.json
0x82552F70,existing_effective_registration,retain_registration,0x82552F70,,1,0x8255A1BC:bctrl,merged/fable2-indirect-targets.import-plan.json
0x82552FE8,existing_effective_registration,retain_registration,0x82552FE8,,1,0x822B7BFC:bctrl,merged/fable2-indirect-targets.import-plan.json
0x82552FF8,existing_effective_registration,retain_registration,0x82552FF8,,1,0x82309D64:bctrl,merged/fable2-indirect-targets.import-plan.json
0x82553E38,existing_effective_registration,retain_registration,0x82553E38,,40,0x8255A044:bctrl,merged/fable2-indirect-targets.import-plan.json
0x82554F50,existing_effective_registration,retain_registration,0x82554F50,,1,0x822B7BFC:bctrl,merged/fable2-indirect-targets.import-plan.json
0x82554F60,existing_effective_registration,retain_registration,0x82554F60,,1,0x822B7BFC:bctrl,merged/fable2-indirect-targets.import-plan.json
0x82555048,existing_effective_registration,retain_registration,0x82555048,,1,0x822B7BFC:bctrl,merged/fable2-indirect-targets.import-plan.json
0x82555060,existing_effective_registration,retain_registration,0x82555060,,1,0x82309D64:bctrl,merged/fable2-indirect-targets.import-plan.json
0x82559EE8,existing_effective_registration,retain_registration,0x82559EE8,,40,0x8281DC40:bctrl,merged/fable2-indirect-targets.import-plan.json
0x8255A070,existing_effective_registration,retain_registration,0x8255A070,,2,0x82465B9C:bctrl,merged/fable2-indirect-targets.import-plan.json
0x8255A348,existing_effective_registration,retain_registration,0x8255A348,,66,0x821D81A4:bctrl,merged/fable2-indirect-targets.import-plan.json
0x825616B8,existing_effective_registration,retain_registration,0x825616B8,,2206,0x8229D6C4:bctrl,merged/fable2-indirect-targets.import-plan.json
0x825616E8,existing_effective_registration,retain_registration,0x825616E8,,2,0x8229D6C4:bctrl,merged/fable2-indirect-targets.import-plan.json
0x82561718,existing_effective_registration,retain_registration,0x82561718,,88,0x8229D6C4:bctrl,merged/fable2-indirect-targets.import-plan.json
0x82561730,existing_effective_registration,retain_registration,0x82561730,,2,0x8229D6C4:bctrl,merged/fable2-indirect-targets.import-plan.json
0x8256DA58,existing_effective_registration,retain_registration,0x8256DA58,,1,0x82570844:bctrl,merged/fable2-indirect-targets.import-plan.json
0x825725A8,existing_effective_registration,retain_registration,0x825725A8,,102,0x822B8174:bctrl,merged/fable2-indirect-targets.import-plan.json
0x82581B80,existing_effective_registration,retain_registration,0x82581B80,,1,0x825C5F9C:bctrl,merged/fable2-indirect-targets.import-plan.json
0x82582260,existing_effective_registration,retain_registration,0x82582260,,1,0x8219E380:bctrl,merged/fable2-indirect-targets.import-plan.json
0x82582B88,existing_effective_registration,retain_registration,0x82582B88,,2,0x82586040:bctrl,merged/fable2-indirect-targets.import-plan.json
0x82582B90,existing_effective_registration,retain_registration,0x82582B90,,1,0x82586310:bctrl,merged/fable2-indirect-targets.import-plan.json
0x825861C0,existing_effective_registration,retain_registration,0x825861C0,,1,0x82465B9C:bctrl,merged/fable2-indirect-targets.import-plan.json
0x82589880,existing_effective_registration,retain_registration,0x82589880,,3,0x8258BE78:bctrl,merged/fable2-indirect-targets.import-plan.json
0x8258BD08,existing_effective_registration,retain_registration,0x8258BD08,,3,0x827BD564:bctrl,merged/fable2-indirect-targets.import-plan.json
0x825E28A0,existing_effective_registration,retain_registration,0x825E28A0,,8,0x823B0F94:bctrl;0x82588100:bctrl;0x829FBFCC:bctrl,merged/fable2-indirect-targets.import-plan.json
0x825E28B0,new_callable_tail_dispatch_thunk,reviewed_manifest_entry_added,0x825E28B0,0x825E28B0..0x825E28C0,5,0x822665B4:bctrl,phase5a-825E28B0-review.json
0x825EF130,existing_effective_registration,retain_registration,0x825EF130,,5285,0x8221411C:bctrl,merged/fable2-indirect-targets.import-plan.json
0x82604D88,existing_effective_registration,retain_registration,0x82604D88,,1,0x82309DC4:bctrl,merged/fable2-indirect-targets.import-plan.json
0x82605A78,existing_effective_registration,retain_registration,0x82605A78,,1,0x825154AC:bctrl,merged/fable2-indirect-targets.import-plan.json
0x8260A440,existing_effective_registration,retain_registration,0x8260A440,,21,0x8260CF10:bctrl,merged/fable2-indirect-targets.import-plan.json
0x8260AFD0,existing_effective_registration,retain_registration,0x8260AFD0,,103,0x8260CF10:bctrl,merged/fable2-indirect-targets.import-plan.json
0x8260B2C0,existing_effective_registration,retain_registration,0x8260B2C0,,82,0x8260CF10:bctrl,merged/fable2-indirect-targets.import-plan.json
0x82617390,existing_effective_registration,retain_registration,0x82617390,,49,0x822BF640:bctrl,merged/fable2-indirect-targets.import-plan.json
0x82634770,existing_effective_registration,retain_registration,0x82634770,,10,0x8238CE20:bctrl,merged/fable2-indirect-targets.import-plan.json
0x82635BA8,existing_effective_registration,retain_registration,0x82635BA8,,1,0x8238CE20:bctrl,merged/fable2-indirect-targets.import-plan.json
0x82636238,existing_effective_registration,retain_registration,0x82636238,,11,0x8238CE20:bctrl,merged/fable2-indirect-targets.import-plan.json
0x82637960,existing_effective_registration,retain_registration,0x82637960,,2,0x8238CE20:bctrl,merged/fable2-indirect-targets.import-plan.json
0x82639560,existing_effective_registration,retain_registration,0x82639560,,15,0x8238CE20:bctrl,merged/fable2-indirect-targets.import-plan.json
0x82639670,existing_effective_registration,retain_registration,0x82639670,,2,0x8238CE20:bctrl,merged/fable2-indirect-targets.import-plan.json
0x8265C050,existing_effective_registration,retain_registration,0x8265C050,,8,0x829D4670:bctrl,merged/fable2-indirect-targets.import-plan.json
0x8267F9A0,existing_effective_registration,retain_registration,0x8267F9A0,,17,0x8226BFA0:bctrl,merged/fable2-indirect-targets.import-plan.json
0x8267FA10,existing_effective_registration,retain_registration,0x8267FA10,,102,0x8226B7EC:bctrl,merged/fable2-indirect-targets.import-plan.json
0x826919E0,existing_effective_registration,retain_registration,0x826919E0,,1,0x826F5CA0:bctrl,merged/fable2-indirect-targets.import-plan.json
0x826A8980,existing_effective_registration,retain_registration,0x826A8980,,353,0x826D5D70:bctrl,merged/fable2-indirect-targets.import-plan.json
0x826A8C78,existing_effective_registration,retain_registration,0x826A8C78,,1,0x8236E3E0:bctrl,merged/fable2-indirect-targets.import-plan.json
0x826A8E28,existing_effective_registration,retain_registration,0x826A8E28,,353,0x8229AD70:bctrl,merged/fable2-indirect-targets.import-plan.json
0x826A92D8,existing_effective_registration,retain_registration,0x826A92D8,,5,0x823705E0:bctrl,merged/fable2-indirect-targets.import-plan.json
0x826A96B8,existing_effective_registration,retain_registration,0x826A96B8,,103,0x82404C1C:bctrl,merged/fable2-indirect-targets.import-plan.json
0x826A97C0,existing_effective_registration,retain_registration,0x826A97C0,,1,0x8236EDE8:bctrl,merged/fable2-indirect-targets.import-plan.json
0x826BACD0,existing_effective_registration,retain_registration,0x826BACD0,,4,0x821D47DC:bctrl,merged/fable2-indirect-targets.import-plan.json
0x826C0DD0,existing_effective_registration,retain_registration,0x826C0DD0,,4,0x823D9420:bctrl,merged/fable2-indirect-targets.import-plan.json
0x826C0FF8,existing_effective_registration,retain_registration,0x826C0FF8,,36,0x821D49B8:bctrl,merged/fable2-indirect-targets.import-plan.json
0x826C1440,existing_effective_registration,retain_registration,0x826C1440,,4,0x823D89E8:bctrl,merged/fable2-indirect-targets.import-plan.json
0x826F5420,existing_effective_registration,retain_registration,0x826F5420,,2,0x82953BBC:bctrl,merged/fable2-indirect-targets.import-plan.json
0x826FFE58,existing_effective_registration,retain_registration,0x826FFE58,,8,0x82529250:bctr,merged/fable2-indirect-targets.import-plan.json
0x8270A9D8,existing_effective_registration,retain_registration,0x8270A9D8,,1,0x829619E8:bctrl,merged/fable2-indirect-targets.import-plan.json
0x8270AB70,existing_effective_registration,retain_registration,0x8270AB70,,1,0x82529250:bctr,merged/fable2-indirect-targets.import-plan.json
0x8270D0A0,existing_effective_registration,retain_registration,0x8270D0A0,,1,0x821B62D4:bctrl,merged/fable2-indirect-targets.import-plan.json
0x8270DEB0,existing_effective_registration,retain_registration,0x8270DEB0,,12,0x8226B814:bctrl,merged/fable2-indirect-targets.import-plan.json
0x8270E2F8,existing_effective_registration,retain_registration,0x8270E2F8,,1,0x822903D8:bctrl,merged/fable2-indirect-targets.import-plan.json
0x8270E470,existing_effective_registration,retain_registration,0x8270E470,,1,0x822862E8:bctrl,merged/fable2-indirect-targets.import-plan.json
0x8270E5F8,existing_effective_registration,retain_registration,0x8270E5F8,,1,0x825C5F9C:bctrl,merged/fable2-indirect-targets.import-plan.json
0x8272AA38,existing_effective_registration,retain_registration,0x8272AA38,,19,0x8272C154:bctrl,merged/fable2-indirect-targets.import-plan.json
0x8272BFA8,existing_effective_registration,retain_registration,0x8272BFA8,,108,0x821D81A4:bctrl,merged/fable2-indirect-targets.import-plan.json
0x8272BFF0,existing_effective_registration,retain_registration,0x8272BFF0,,19,0x82914FA0:bctrl,merged/fable2-indirect-targets.import-plan.json
0x827371A0,existing_effective_registration,retain_registration,0x827371A0,,4,0x829619E8:bctrl,merged/fable2-indirect-targets.import-plan.json
0x82737228,existing_effective_registration,retain_registration,0x82737228,,1,0x829619E8:bctrl,merged/fable2-indirect-targets.import-plan.json
0x827372A8,existing_effective_registration,retain_registration,0x827372A8,,3,0x829619E8:bctrl,merged/fable2-indirect-targets.import-plan.json
0x82739178,existing_effective_registration,retain_registration,0x82739178,,4,0x821B62D4:bctrl,merged/fable2-indirect-targets.import-plan.json
0x827395C8,existing_effective_registration,retain_registration,0x827395C8,,4,0x822862E8:bctrl,merged/fable2-indirect-targets.import-plan.json
0x827396B8,existing_effective_registration,retain_registration,0x827396B8,,1,0x821B62D4:bctrl,merged/fable2-indirect-targets.import-plan.json
0x82739B28,existing_effective_registration,retain_registration,0x82739B28,,4,0x822903D8:bctrl,merged/fable2-indirect-targets.import-plan.json
0x82739C98,existing_effective_registration,retain_registration,0x82739C98,,3,0x8218E9F8:bctr,merged/fable2-indirect-targets.import-plan.json
0x82739D38,existing_effective_registration,retain_registration,0x82739D38,,3,0x821B62D4:bctrl,merged/fable2-indirect-targets.import-plan.json
0x8273A400,existing_effective_registration,retain_registration,0x8273A400,,59,0x8226B814:bctrl,merged/fable2-indirect-targets.import-plan.json
0x827691E0,existing_effective_registration,retain_registration,0x827691E0,,2,0x8238CD28:bctrl,merged/fable2-indirect-targets.import-plan.json
0x82769220,existing_effective_registration,retain_registration,0x82769220,,2,0x8238B5DC:bctrl,merged/fable2-indirect-targets.import-plan.json
0x827692C0,existing_effective_registration,retain_registration,0x827692C0,,2,0x8238E850:bctrl,merged/fable2-indirect-targets.import-plan.json
0x827698A8,existing_effective_registration,retain_registration,0x827698A8,,5,0x8276B248:bctrl,merged/fable2-indirect-targets.import-plan.json
0x82769918,existing_effective_registration,retain_registration,0x82769918,,34,0x8221411C:bctrl,merged/fable2-indirect-targets.import-plan.json
0x8276A078,existing_effective_registration,retain_registration,0x8276A078,,2,0x825C5F9C:bctrl,merged/fable2-indirect-targets.import-plan.json
0x8276ADD0,existing_effective_registration,retain_registration,0x8276ADD0,,104,0x821D81A4:bctrl,merged/fable2-indirect-targets.import-plan.json
0x8276AE10,existing_effective_registration,retain_registration,0x8276AE10,,18,0x8238B590:bctrl;0x8238CC68:bctrl;0x8238CE3C:bctrl;0x8238CEB8:bctrl;0x8238D138:bctrl;0x8238D20C:bctrl;0x8238DAFC:bctrl;0x8238E3A8:bctrl;0x8238E94C:bctrl,merged/fable2-indirect-targets.import-plan.json
0x8276B0F8,existing_effective_registration,retain_registration,0x8276B0F8,,5,0x821D81A4:bctrl,merged/fable2-indirect-targets.import-plan.json
0x8276C5F8,existing_effective_registration,retain_registration,0x8276C5F8,,2,0x821D279C:bctrl,merged/fable2-indirect-targets.import-plan.json
0x827730F0,existing_effective_registration,retain_registration,0x827730F0,,1,0x82775578:bctrl,merged/fable2-indirect-targets.import-plan.json
0x82775400,existing_effective_registration,retain_registration,0x82775400,,1,0x82775AF0:bctrl,merged/fable2-indirect-targets.import-plan.json
0x827759F8,existing_effective_registration,retain_registration,0x827759F8,,1,0x822289F0:bctrl,merged/fable2-indirect-targets.import-plan.json
0x82779B98,existing_effective_registration,retain_registration,0x82779B98,,6,0x827824C0:bctrl,merged/fable2-indirect-targets.import-plan.json
0x82779BA8,existing_effective_registration,retain_registration,0x82779BA8,,3,0x827824C0:bctrl,merged/fable2-indirect-targets.import-plan.json
0x8277CAB0,existing_effective_registration,retain_registration,0x8277CAB0,,3,0x827824C0:bctrl,merged/fable2-indirect-targets.import-plan.json
0x8277CCD0,existing_effective_registration,retain_registration,0x8277CCD0,,3,0x82782628:bctrl,merged/fable2-indirect-targets.import-plan.json
0x8277DDF0,existing_effective_registration,retain_registration,0x8277DDF0,,5,0x827824C0:bctrl,merged/fable2-indirect-targets.import-plan.json
0x8277DF98,existing_effective_registration,retain_registration,0x8277DF98,,437,0x82782AD8:bctrl,merged/fable2-indirect-targets.import-plan.json
0x827824D8,existing_effective_registration,retain_registration,0x827824D8,,3,0x821D81A4:bctrl,merged/fable2-indirect-targets.import-plan.json
0x8279EDB0,existing_effective_registration,retain_registration,0x8279EDB0,,2,0x827A5B4C:bctrl,merged/fable2-indirect-targets.import-plan.json
0x8279EE60,existing_effective_registration,retain_registration,0x8279EE60,,2,0x827A585C:bctrl,merged/fable2-indirect-targets.import-plan.json
0x827BDA20,existing_effective_registration,retain_registration,0x827BDA20,,281,0x8221411C:bctrl,merged/fable2-indirect-targets.import-plan.json
0x827CCF98,existing_effective_registration,retain_registration,0x827CCF98,,1,0x827D64FC:bctrl,merged/fable2-indirect-targets.import-plan.json
0x827CD180,existing_effective_registration,retain_registration,0x827CD180,,1,0x827D6194:bctrl,merged/fable2-indirect-targets.import-plan.json
0x827CFF08,existing_effective_registration,retain_registration,0x827CFF08,,1,0x827D6354:bctrl,merged/fable2-indirect-targets.import-plan.json
0x827D00E0,existing_effective_registration,retain_registration,0x827D00E0,,4,0x827D5B0C:bctrl,merged/fable2-indirect-targets.import-plan.json
0x827D3058,existing_effective_registration,retain_registration,0x827D3058,,2,0x821B7B70:bctrl,merged/fable2-indirect-targets.import-plan.json
0x827D30D0,existing_effective_registration,retain_registration,0x827D30D0,,1,0x821B7B70:bctrl,merged/fable2-indirect-targets.import-plan.json
0x827D61C0,existing_effective_registration,retain_registration,0x827D61C0,,1,0x827D6DEC:bctrl,merged/fable2-indirect-targets.import-plan.json
0x827D6398,existing_effective_registration,retain_registration,0x827D6398,,1,0x82783378:bctrl,merged/fable2-indirect-targets.import-plan.json
0x827D6AF0,existing_effective_registration,retain_registration,0x827D6AF0,,1,0x822289F0:bctrl,merged/fable2-indirect-targets.import-plan.json
0x827D6B90,existing_effective_registration,retain_registration,0x827D6B90,,1,0x822289F0:bctrl,merged/fable2-indirect-targets.import-plan.json
0x827DC950,existing_effective_registration,retain_registration,0x827DC950,,1,0x827E5BCC:bctrl,merged/fable2-indirect-targets.import-plan.json
0x827DD1D8,existing_effective_registration,retain_registration,0x827DD1D8,,46,0x827E5234:bctrl,merged/fable2-indirect-targets.import-plan.json
0x827DD3D0,existing_effective_registration,retain_registration,0x827DD3D0,,92,0x827E5234:bctrl,merged/fable2-indirect-targets.import-plan.json
0x827DD620,existing_effective_registration,retain_registration,0x827DD620,,7,0x827E5234:bctrl,merged/fable2-indirect-targets.import-plan.json
0x827DD7D8,existing_effective_registration,retain_registration,0x827DD7D8,,7,0x827E5234:bctrl,merged/fable2-indirect-targets.import-plan.json
0x827DDD40,existing_effective_registration,retain_registration,0x827DDD40,,3,0x827E5234:bctrl,merged/fable2-indirect-targets.import-plan.json
0x827DDFC8,existing_effective_registration,retain_registration,0x827DDFC8,,3,0x827E5534:bctrl,merged/fable2-indirect-targets.import-plan.json
0x827E5A80,existing_effective_registration,retain_registration,0x827E5A80,,1,0x82465B9C:bctrl,merged/fable2-indirect-targets.import-plan.json
0x82810FE0,existing_effective_registration,retain_registration,0x82810FE0,,1,0x8281CD04:bctrl,merged/fable2-indirect-targets.import-plan.json
0x828113A0,existing_effective_registration,retain_registration,0x828113A0,,1,0x8281D7DC:bctrl,merged/fable2-indirect-targets.import-plan.json
0x828114D0,existing_effective_registration,retain_registration,0x828114D0,,1,0x8281C9E0:bctrl,merged/fable2-indirect-targets.import-plan.json
0x82811BA8,existing_effective_registration,retain_registration,0x82811BA8,,1,0x822CB4DC:bctrl,merged/fable2-indirect-targets.import-plan.json
0x82811BC0,existing_effective_registration,retain_registration,0x82811BC0,,2,0x822CB4DC:bctrl,merged/fable2-indirect-targets.import-plan.json
0x828125D8,existing_effective_registration,retain_registration,0x828125D8,,1,0x822CB4DC:bctrl,merged/fable2-indirect-targets.import-plan.json
0x82815228,existing_effective_registration,retain_registration,0x82815228,,209,0x8281D93C:bctrl,merged/fable2-indirect-targets.import-plan.json
0x82815410,existing_effective_registration,retain_registration,0x82815410,,1,0x8217298C:bctrl,merged/fable2-indirect-targets.import-plan.json
0x8281C878,existing_effective_registration,retain_registration,0x8281C878,,1,0x8241B6F0:bctrl,merged/fable2-indirect-targets.import-plan.json
0x8281CB98,existing_effective_registration,retain_registration,0x8281CB98,,1,0x8281DCF0:bctrl,merged/fable2-indirect-targets.import-plan.json
0x8281D668,existing_effective_registration,retain_registration,0x8281D668,,1,0x8281DFA8:bctrl,merged/fable2-indirect-targets.import-plan.json
0x8281DC60,existing_effective_registration,retain_registration,0x8281DC60,,2,0x822289F0:bctrl,merged/fable2-indirect-targets.import-plan.json
0x8281DF20,existing_effective_registration,retain_registration,0x8281DF20,,1,0x822289F0:bctrl,merged/fable2-indirect-targets.import-plan.json
0x82825E10,existing_effective_registration,retain_registration,0x82825E10,,1,0x82227D50:bctrl,merged/fable2-indirect-targets.import-plan.json
0x8282A0C8,existing_effective_registration,retain_registration,0x8282A0C8,,246,0x82830A7C:bctrl,merged/fable2-indirect-targets.import-plan.json
0x82830918,existing_effective_registration,retain_registration,0x82830918,,246,0x824EE620:bctrl,merged/fable2-indirect-targets.import-plan.json
0x82838D78,existing_effective_registration,retain_registration,0x82838D78,,5,0x821B62D4:bctrl,merged/fable2-indirect-targets.import-plan.json
0x82838DF0,existing_effective_registration,retain_registration,0x82838DF0,,1,0x8270A09C:bctrl,merged/fable2-indirect-targets.import-plan.json
0x828390F0,existing_effective_registration,retain_registration,0x828390F0,,15,0x8218E9F8:bctr,merged/fable2-indirect-targets.import-plan.json
0x82845120,existing_effective_registration,retain_registration,0x82845120,,3,0x82844F74:bctrl,merged/fable2-indirect-targets.import-plan.json
0x82846DF8,existing_effective_registration,retain_registration,0x82846DF8,,2,0x82529250:bctr,merged/fable2-indirect-targets.import-plan.json
0x82847D00,existing_effective_registration,retain_registration,0x82847D00,,4,0x82848F8C:bctrl,merged/fable2-indirect-targets.import-plan.json
0x82847E60,existing_effective_registration,retain_registration,0x82847E60,,4,0x828490EC:bctrl,merged/fable2-indirect-targets.import-plan.json
0x82848FA0,existing_effective_registration,retain_registration,0x82848FA0,,4,0x82465B9C:bctrl,merged/fable2-indirect-targets.import-plan.json
0x82853438,existing_effective_registration,retain_registration,0x82853438,,16,0x82854E48:bctrl,merged/fable2-indirect-targets.import-plan.json
0x82853810,existing_effective_registration,retain_registration,0x82853810,,32,0x82854EC0:bctrl,merged/fable2-indirect-targets.import-plan.json
0x828545D8,existing_effective_registration,retain_registration,0x828545D8,,63,0x82959CBC:bctrl,merged/fable2-indirect-targets.import-plan.json
0x82872F58,existing_effective_registration,retain_registration,0x82872F58,,6,0x8287513C:bctrl,merged/fable2-indirect-targets.import-plan.json
0x82874FF0,existing_effective_registration,retain_registration,0x82874FF0,,6,0x82953BBC:bctrl,merged/fable2-indirect-targets.import-plan.json
0x82899298,existing_effective_registration,retain_registration,0x82899298,,1,0x8289B36C:bctrl,merged/fable2-indirect-targets.import-plan.json
0x8289B220,existing_effective_registration,retain_registration,0x8289B220,,1,0x82953BBC:bctrl,merged/fable2-indirect-targets.import-plan.json
0x8289B860,existing_effective_registration,retain_registration,0x8289B860,,29,0x8289C924:bctrl,merged/fable2-indirect-targets.import-plan.json
0x8289BC20,existing_effective_registration,retain_registration,0x8289BC20,,8,0x8289CA84:bctrl,merged/fable2-indirect-targets.import-plan.json
0x8289C7D8,existing_effective_registration,retain_registration,0x8289C7D8,,29,0x82953BBC:bctrl,merged/fable2-indirect-targets.import-plan.json
0x828A7988,existing_effective_registration,retain_registration,0x828A7988,,180,0x828AD894:bctrl,merged/fable2-indirect-targets.import-plan.json
0x828A8630,existing_effective_registration,retain_registration,0x828A8630,,13,0x828AD894:bctrl,merged/fable2-indirect-targets.import-plan.json
0x828A8848,existing_effective_registration,retain_registration,0x828A8848,,69,0x828AD564:bctrl,merged/fable2-indirect-targets.import-plan.json
0x828A9240,existing_effective_registration,retain_registration,0x828A9240,,532,0x828AE054:bctrl,merged/fable2-indirect-targets.import-plan.json
0x828AEAD0,existing_effective_registration,retain_registration,0x828AEAD0,,180,0x822289F0:bctrl,merged/fable2-indirect-targets.import-plan.json
0x828AED60,existing_effective_registration,retain_registration,0x828AED60,,13,0x822289F0:bctrl,merged/fable2-indirect-targets.import-plan.json
0x828AEE28,existing_effective_registration,retain_registration,0x828AEE28,,69,0x822289F0:bctrl,merged/fable2-indirect-targets.import-plan.json
0x828AF9B0,existing_effective_registration,retain_registration,0x828AF9B0,,99,0x8238B590:bctrl;0x8238CC68:bctrl;0x8238CE3C:bctrl;0x8238CEB8:bctrl;0x8238D138:bctrl;0x8238D20C:bctrl;0x8238DAFC:bctrl;0x8238E3A8:bctrl;0x8238E94C:bctrl,merged/fable2-indirect-targets.import-plan.json
0x828AF9B8,existing_effective_registration,retain_registration,0x828AF9B8,,44,0x8238C63C:bctrl;0x8238C870:bctrl;0x8238CD28:bctrl,merged/fable2-indirect-targets.import-plan.json
0x828AF9F8,existing_effective_registration,retain_registration,0x828AF9F8,,11,0x8238B5DC:bctrl,merged/fable2-indirect-targets.import-plan.json
0x828AFA58,existing_effective_registration,retain_registration,0x828AFA58,,11,0x8238E850:bctrl,merged/fable2-indirect-targets.import-plan.json
0x828B7E38,existing_effective_registration,retain_registration,0x828B7E38,,103,0x821D81A4:bctrl,merged/fable2-indirect-targets.import-plan.json
0x828E8418,existing_effective_registration,retain_registration,0x828E8418,,180,0x828E9B9C:bctrl,merged/fable2-indirect-targets.import-plan.json
0x828EDF60,existing_effective_registration,retain_registration,0x828EDF60,,1,0x8272E874:bctrl,merged/fable2-indirect-targets.import-plan.json
0x828FAC00,existing_effective_registration,retain_registration,0x828FAC00,,4,0x825728C0:bctrl,merged/fable2-indirect-targets.import-plan.json
0x82900E90,existing_effective_registration,retain_registration,0x82900E90,,2,0x82903858:bctrl,merged/fable2-indirect-targets.import-plan.json
0x82913ED0,existing_effective_registration,retain_registration,0x82913ED0,,98,0x8238B590:bctrl;0x8238CC68:bctrl;0x8238CE3C:bctrl;0x8238CEB8:bctrl;0x8238D138:bctrl;0x8238D20C:bctrl;0x8238DAFC:bctrl;0x8238E3A8:bctrl;0x8238E94C:bctrl;0x829646C8:bctrl,merged/fable2-indirect-targets.import-plan.json
0x82913ED8,existing_effective_registration,retain_registration,0x82913ED8,,10,0x8238CD28:bctrl,merged/fable2-indirect-targets.import-plan.json
0x82913F18,existing_effective_registration,retain_registration,0x82913F18,,10,0x8238E850:bctrl,merged/fable2-indirect-targets.import-plan.json
0x82914120,existing_effective_registration,retain_registration,0x82914120,,14,0x82914F14:bctrl,merged/fable2-indirect-targets.import-plan.json
0x82914A80,existing_effective_registration,retain_registration,0x82914A80,,40,0x821D81A4:bctrl,merged/fable2-indirect-targets.import-plan.json
0x82914C38,existing_effective_registration,retain_registration,0x82914C38,,65,0x821D81A4:bctrl,merged/fable2-indirect-targets.import-plan.json
0x82914DB0,existing_effective_registration,retain_registration,0x82914DB0,,14,0x82914FA0:bctrl,merged/fable2-indirect-targets.import-plan.json
0x829252F8,existing_effective_registration,retain_registration,0x829252F8,,1,0x829266B4:bctrl,merged/fable2-indirect-targets.import-plan.json
0x829254D8,existing_effective_registration,retain_registration,0x829254D8,,1,0x829264EC:bctrl,merged/fable2-indirect-targets.import-plan.json
0x82925560,existing_effective_registration,retain_registration,0x82925560,,2,0x829264EC:bctrl,merged/fable2-indirect-targets.import-plan.json
0x82926548,existing_effective_registration,retain_registration,0x82926548,,1,0x82903A44:bctrl,merged/fable2-indirect-targets.import-plan.json
0x82928378,existing_effective_registration,retain_registration,0x82928378,,22,0x821DA3EC:bctrl;0x8238CD28:bctrl,merged/fable2-indirect-targets.import-plan.json
0x829284B0,existing_effective_registration,retain_registration,0x829284B0,,2,0x8238BE58:bctrl,merged/fable2-indirect-targets.import-plan.json
0x82928600,existing_effective_registration,retain_registration,0x82928600,,2,0x8238D7F0:bctrl,merged/fable2-indirect-targets.import-plan.json
0x829287A8,existing_effective_registration,retain_registration,0x829287A8,,989,0x8221411C:bctrl,merged/fable2-indirect-targets.import-plan.json
0x82928BD8,existing_effective_registration,retain_registration,0x82928BD8,,18,0x8292944C:bctrl,merged/fable2-indirect-targets.import-plan.json
0x829292F0,existing_effective_registration,retain_registration,0x829292F0,,18,0x82893A30:bctrl,merged/fable2-indirect-targets.import-plan.json
0x829294A8,existing_effective_registration,retain_registration,0x829294A8,,528,0x823B08E4:bctrl,merged/fable2-indirect-targets.import-plan.json
0x8292CAD0,existing_effective_registration,retain_registration,0x8292CAD0,,1,0x8292F1BC:bctrl,merged/fable2-indirect-targets.import-plan.json
0x8292F058,existing_effective_registration,retain_registration,0x8292F058,,1,0x825E8C10:bctrl,merged/fable2-indirect-targets.import-plan.json
0x82931E78,existing_effective_registration,retain_registration,0x82931E78,,2,0x821DA3EC:bctrl;0x8238CD28:bctrl,merged/fable2-indirect-targets.import-plan.json
0x82931EB8,existing_effective_registration,retain_registration,0x82931EB8,,1,0x8238B5DC:bctrl,merged/fable2-indirect-targets.import-plan.json
0x82931F18,existing_effective_registration,retain_registration,0x82931F18,,1,0x8238BE58:bctrl,merged/fable2-indirect-targets.import-plan.json
0x82931FD8,existing_effective_registration,retain_registration,0x82931FD8,,1,0x8238D7F0:bctrl,merged/fable2-indirect-targets.import-plan.json
0x82932D80,existing_effective_registration,retain_registration,0x82932D80,,1,0x829340E4:bctrl,merged/fable2-indirect-targets.import-plan.json
0x829330C8,existing_effective_registration,retain_registration,0x829330C8,,1,0x829340E4:bctrl,merged/fable2-indirect-targets.import-plan.json
0x82933F98,existing_effective_registration,retain_registration,0x82933F98,,2,0x82465B9C:bctrl,merged/fable2-indirect-targets.import-plan.json
0x82936D68,existing_effective_registration,retain_registration,0x82936D68,,101649,0x8221411C:bctrl,merged/fable2-indirect-targets.import-plan.json
0x829552F0,existing_effective_registration,retain_registration,0x829552F0,,53,0x821D81A4:bctrl,merged/fable2-indirect-targets.import-plan.json
0x82956AA8,existing_effective_registration,retain_registration,0x82956AA8,,15,0x82956A3C:bctrl,merged/fable2-indirect-targets.import-plan.json
0x82956B30,existing_effective_registration,retain_registration,0x82956B30,,358,0x82D8DD68:bctrl,merged/fable2-indirect-targets.import-plan.json
0x82958588,existing_effective_registration,retain_registration,0x82958588,,45,0x8238C63C:bctrl;0x8238C870:bctrl;0x8238CD28:bctrl,merged/fable2-indirect-targets.import-plan.json
0x829585C8,existing_effective_registration,retain_registration,0x829585C8,,15,0x8238B5DC:bctrl,merged/fable2-indirect-targets.import-plan.json
0x82958640,existing_effective_registration,retain_registration,0x82958640,,15,0x8238E850:bctrl,merged/fable2-indirect-targets.import-plan.json
0x829586A8,existing_effective_registration,retain_registration,0x829586A8,,15,0x8238BE58:bctrl,merged/fable2-indirect-targets.import-plan.json
0x829587B8,existing_effective_registration,retain_registration,0x829587B8,,7926,0x8221411C:bctrl,merged/fable2-indirect-targets.import-plan.json
0x82958868,existing_effective_registration,retain_registration,0x82958868,,15,0x8238C900:bctrl,merged/fable2-indirect-targets.import-plan.json
0x82958B70,existing_effective_registration,retain_registration,0x82958B70,,4,0x82959CBC:bctrl,merged/fable2-indirect-targets.import-plan.json
0x82958C98,existing_effective_registration,retain_registration,0x82958C98,,8,0x82959FAC:bctrl,merged/fable2-indirect-targets.import-plan.json
0x82959B70,existing_effective_registration,retain_registration,0x82959B70,,115,0x821D81A4:bctrl;0x823B08E4:bctrl;0x8294C474:bctrl,merged/fable2-indirect-targets.import-plan.json
0x82959E48,existing_effective_registration,retain_registration,0x82959E48,,8,0x827BD730:bctrl,merged/fable2-indirect-targets.import-plan.json
0x8295A9C0,existing_effective_registration,retain_registration,0x8295A9C0,,2,0x825E8C10:bctrl,merged/fable2-indirect-targets.import-plan.json
0x82971420,existing_effective_registration,retain_registration,0x82971420,,15,0x824551D8:bctr,merged/fable2-indirect-targets.import-plan.json
0x82971430,existing_effective_registration,retain_registration,0x82971430,,15,0x824551F8:bctr,merged/fable2-indirect-targets.import-plan.json
0x82972138,existing_effective_registration,retain_registration,0x82972138,,13,0x826BA384:bctrl,merged/fable2-indirect-targets.import-plan.json
0x82985390,existing_effective_registration,retain_registration,0x82985390,,1,0x826F5FB8:bctrl,merged/fable2-indirect-targets.import-plan.json
0x82991338,existing_effective_registration,retain_registration,0x82991338,,1,0x82990688:bctrl,merged/fable2-indirect-targets.import-plan.json
0x82991500,existing_effective_registration,retain_registration,0x82991500,,1,0x82990688:bctrl,merged/fable2-indirect-targets.import-plan.json
0x829915A0,existing_effective_registration,retain_registration,0x829915A0,,1,0x82990688:bctrl,merged/fable2-indirect-targets.import-plan.json
0x829AAB50,existing_effective_registration,retain_registration,0x829AAB50,,615,0x829907D4:bctrl,merged/fable2-indirect-targets.import-plan.json
0x829CC770,existing_effective_registration,retain_registration,0x829CC770,,4,0x821B62D4:bctrl,merged/fable2-indirect-targets.import-plan.json
0x829CD1B8,existing_effective_registration,retain_registration,0x829CD1B8,,34,0x82529250:bctr,merged/fable2-indirect-targets.import-plan.json
0x829D1738,existing_effective_registration,retain_registration,0x829D1738,,3,0x8218A990:bctrl,merged/fable2-indirect-targets.import-plan.json
0x829D18D8,existing_effective_registration,retain_registration,0x829D18D8,,2,0x8218A990:bctrl,merged/fable2-indirect-targets.import-plan.json
0x829D1998,existing_effective_registration,retain_registration,0x829D1998,,1,0x8218A990:bctrl,merged/fable2-indirect-targets.import-plan.json
0x829D1A60,existing_effective_registration,retain_registration,0x829D1A60,,15,0x8218A990:bctrl,merged/fable2-indirect-targets.import-plan.json
0x829D1BE0,existing_effective_registration,retain_registration,0x829D1BE0,,40,0x8218A990:bctrl,merged/fable2-indirect-targets.import-plan.json
0x829D1C48,existing_effective_registration,retain_registration,0x829D1C48,,40,0x8218A990:bctrl,merged/fable2-indirect-targets.import-plan.json
0x829D2558,existing_effective_registration,retain_registration,0x829D2558,,5,0x8218A990:bctrl,merged/fable2-indirect-targets.import-plan.json
0x829D2F80,existing_effective_registration,retain_registration,0x829D2F80,,1,0x8218A990:bctrl,merged/fable2-indirect-targets.import-plan.json
0x829D36C8,existing_effective_registration,retain_registration,0x829D36C8,,1,0x8218A990:bctrl,merged/fable2-indirect-targets.import-plan.json
0x829D3CB8,existing_effective_registration,retain_registration,0x829D3CB8,,8,0x8218A990:bctrl,merged/fable2-indirect-targets.import-plan.json
0x829D3D20,existing_effective_registration,retain_registration,0x829D3D20,,2,0x8218A990:bctrl,merged/fable2-indirect-targets.import-plan.json
0x829D6420,existing_effective_registration,retain_registration,0x829D6420,,2,0x821B62D4:bctrl,merged/fable2-indirect-targets.import-plan.json
0x829D6510,existing_effective_registration,retain_registration,0x829D6510,,27,0x8226B814:bctrl,merged/fable2-indirect-targets.import-plan.json
0x829D69E0,existing_effective_registration,retain_registration,0x829D69E0,,1,0x822903D8:bctrl,merged/fable2-indirect-targets.import-plan.json
0x829D6EE8,existing_effective_registration,retain_registration,0x829D6EE8,,15,0x821B62D4:bctrl,merged/fable2-indirect-targets.import-plan.json
0x829D75F0,existing_effective_registration,retain_registration,0x829D75F0,,180,0x8226B814:bctrl,merged/fable2-indirect-targets.import-plan.json
0x829D7A90,existing_effective_registration,retain_registration,0x829D7A90,,17,0x822862E8:bctrl,merged/fable2-indirect-targets.import-plan.json
0x829D7BE0,existing_effective_registration,retain_registration,0x829D7BE0,,1,0x82529250:bctr,merged/fable2-indirect-targets.import-plan.json
0x829D7F08,existing_effective_registration,retain_registration,0x829D7F08,,49,0x8226B814:bctrl,merged/fable2-indirect-targets.import-plan.json
0x829D8B30,existing_effective_registration,retain_registration,0x829D8B30,,1,0x821B62D4:bctrl,merged/fable2-indirect-targets.import-plan.json
0x829D94E0,existing_effective_registration,retain_registration,0x829D94E0,,1,0x822862E8:bctrl,merged/fable2-indirect-targets.import-plan.json
0x829D9D90,existing_effective_registration,retain_registration,0x829D9D90,,53,0x8220A5D0:bctrl,merged/fable2-indirect-targets.import-plan.json
0x829DD650,existing_effective_registration,retain_registration,0x829DD650,,4,0x82846F1C:bctrl;0x82847068:bctrl,merged/fable2-indirect-targets.import-plan.json
0x829DD830,existing_effective_registration,retain_registration,0x829DD830,,85,0x82205F48:bctrl,merged/fable2-indirect-targets.import-plan.json
0x829E2920,existing_effective_registration,retain_registration,0x829E2920,,4,0x82846F08:bctrl;0x8284711C:bctrl,merged/fable2-indirect-targets.import-plan.json
0x829F1BD0,existing_effective_registration,retain_registration,0x829F1BD0,,1,0x822903D8:bctrl,merged/fable2-indirect-targets.import-plan.json
0x829F5E58,existing_effective_registration,retain_registration,0x829F5E58,,6,0x821D279C:bctrl;0x829CF0B4:bctrl,merged/fable2-indirect-targets.import-plan.json
0x829F5F50,existing_effective_registration,retain_registration,0x829F5F50,,6,0x821B62D4:bctrl,merged/fable2-indirect-targets.import-plan.json
0x829F64D0,existing_effective_registration,retain_registration,0x829F64D0,,24,0x8226B814:bctrl,merged/fable2-indirect-targets.import-plan.json
0x829F6960,existing_effective_registration,retain_registration,0x829F6960,,6,0x822862E8:bctrl,merged/fable2-indirect-targets.import-plan.json
0x82A04FA0,existing_effective_registration,retain_registration,0x82A04FA0,,4,0x82529250:bctr,merged/fable2-indirect-targets.import-plan.json
0x82A2A0F0,existing_effective_registration,retain_registration,0x82A2A0F0,,1,0x822289F0:bctrl,merged/fable2-indirect-targets.import-plan.json
0x82D8AE48,existing_effective_registration,retain_registration,0x82D8AE48,,30,0x82D7CB68:bctrl;0x82D7CD34:bctrl,merged/fable2-indirect-targets.import-plan.json
0x82DA1BA0,existing_effective_registration,retain_registration,0x82DA1BA0,,358,0x82956BD4:bctrl,merged/fable2-indirect-targets.import-plan.json
0x82DAFE78,existing_effective_registration,retain_registration,0x82DAFE78,,47,0x82DBA7F0:bctrl,merged/fable2-indirect-targets.import-plan.json
0x82DB9490,existing_effective_registration,retain_registration,0x82DB9490,,9,0x82E10E74:bctrl,merged/fable2-indirect-targets.import-plan.json
0x82DBA288,existing_effective_registration,retain_registration,0x82DBA288,,1395,0x82E23934:bctrl,merged/fable2-indirect-targets.import-plan.json
0x82DC2768,existing_effective_registration,retain_registration,0x82DC2768,,9,0x82DB9588:bctrl,merged/fable2-indirect-targets.import-plan.json
0x82DC2900,existing_effective_registration,retain_registration,0x82DC2900,,5697,0x82DB962C:bctrl,merged/fable2-indirect-targets.import-plan.json
0x82DC73B0,existing_effective_registration,retain_registration,0x82DC73B0,,9,0x82E10D78:bctrl,merged/fable2-indirect-targets.import-plan.json
0x82DC73C0,existing_effective_registration,retain_registration,0x82DC73C0,,9,0x821EB79C:bctrl,merged/fable2-indirect-targets.import-plan.json
0x82DD1230,existing_effective_registration,retain_registration,0x82DD1230,,29,0x82E2454C:bctrl,merged/fable2-indirect-targets.import-plan.json
0x82DD8C18,existing_effective_registration,retain_registration,0x82DD8C18,,5,0x82DE2CBC:bctrl,merged/fable2-indirect-targets.import-plan.json
0x82DD8C80,existing_effective_registration,retain_registration,0x82DD8C80,,5,0x82DE2B50:bctr,merged/fable2-indirect-targets.import-plan.json
0x82DD9910,existing_effective_registration,retain_registration,0x82DD9910,,56,0x82E0734C:bctrl,merged/fable2-indirect-targets.import-plan.json
0x82E08EA0,existing_effective_registration,retain_registration,0x82E08EA0,,18401,0x82E06164:bctr;0x82E1120C:bctrl,merged/fable2-indirect-targets.import-plan.json
0x8300D0C0,existing_effective_registration,retain_registration,0x8300D0C0,,2095104,0x8300F660:bctrl,merged/fable2-indirect-targets.import-plan.json
0x8300D300,existing_effective_registration,retain_registration,0x8300D300,,2095104,0x8300E20C:bctrl,merged/fable2-indirect-targets.import-plan.json
0x83230880,existing_effective_registration,retain_registration,0x83230880,,99,0x832338EC:bctrl,merged/fable2-indirect-targets.import-plan.json
0x83230D50,existing_effective_registration,retain_registration,0x83230D50,,99,0x8322F294:bctrl,merged/fable2-indirect-targets.import-plan.json
